pais,layer950mb,layer900mb,layer850mb,layer800mb,layer750mb,layer700mb,layer650mb,layer600mb,layer550mb,layer500mb,layer450mb,layer400mb,layer350mb,layer300mb,layer250mb,layer200mb,rh_950mb,rh_900mb,rh_850mb,rh_800mb,rh_750mb,rh_700mb,rh_650mb,rh_600mb,rh_550mb,rh_500mb,rh_450mb,rh_400mb,rh_350mb,rh_300mb,rh_250mb,rh_200mb,timepoint,cloudcover,highcloud,midcloud,lowcloud,temp2m,lifted_index,rh2m,msl_pressure,prec_amount,snow_depth,wind10m.direction,wind10m.speed
Australia,2.375,2.921875,3.28125,3.453125,3.53125,3.59375,3.78125,4.046875,4.171875,4.21875,4.359375,4.609375,4.5625,4.5625,4.515625,4.8125,3.34375,1.6875,1.40625,1.59375,2.203125,2.59375,2.21875,2.4375,3.15625,2.9375,3.640625,4.34375,4.84375,6.9375,9.484375,11.15625,97.5,5.140625,-9999.0,-9999.0,-9999.0,22.609375,1.90625,5.03125,1015.46875,0.0,0.0,136.09375,2.203125
New Zealand,3.859375,4.0,4.046875,4.265625,4.53125,4.859375,5.21875,5.546875,5.890625,6.4375,7.21875,7.984375,8.734375,9.546875,10.703125,11.296875,12.5,13.046875,10.234375,7.40625,5.640625,4.734375,4.15625,4.125,4.296875,4.21875,4.09375,4.703125,5.09375,5.9375,5.84375,5.390625,97.5,5.15625,-9999.0,-9999.0,-9999.0,20.0,1.90625,10.296875,1016.703125,6.65625,0.0,210.3125,3.46875
Papua New Guinea,4.40625,4.390625,4.5,4.4375,4.46875,4.65625,4.84375,4.953125,5.09375,5.375,5.59375,5.8125,6.234375,7.265625,8.21875,8.25,13.0,14.21875,10.453125,7.109375,6.203125,6.96875,6.53125,6.484375,6.25,5.515625,4.15625,4.671875,5.28125,3.828125,1.34375,-1.828125,97.5,8.59375,-9999.0,-9999.0,-9999.0,8.609375,13.125,10.40625,1010.1875,2.859375,0.0,193.28125,4.109375
South Africa,3.125,2.921875,2.8125,2.640625,2.671875,2.78125,2.859375,3.09375,3.1875,3.359375,3.515625,3.734375,4.28125,4.421875,5.140625,5.65625,13.65625,12.734375,11.796875,10.375,8.484375,8.390625,7.96875,7.015625,5.609375,4.203125,3.75,3.515625,5.109375,6.671875,7.328125,2.859375,97.5,5.625,-9999.0,-9999.0,-9999.0,24.09375,0.375,10.796875,1019.15625,3.484375,0.0,133.4375,2.984375
USA,3.46875,3.421875,3.125,2.78125,2.28125,2.203125,2.4375,2.609375,2.671875,3.03125,3.6875,4.0,4.015625,4.515625,5.109375,5.234375,12.953125,11.671875,6.875,2.5,-0.234375,-1.328125,-1.671875,-1.46875,-1.671875,-1.4375,0.828125,-1.296875,-2.203125,-1.90625,-0.859375,2.25,97.5,2.9375,-9999.0,-9999.0,-9999.0,26.578125,-0.53125,10.453125,1012.546875,1.921875,0.0,100.546875,3.140625
